<?xml version="1.0" encoding="UTF-8"?>
<RecordType xmlns="http://soap.sforce.com/2006/04/metadata">
    <fullName>Customer_Contact</fullName>
    <active>true</active>
    <compactLayoutAssignment>Compact_Customer_Contact</compactLayoutAssignment>
    <label>Customer Contact</label>
    <picklistValues>
        <picklist>LeadSource</picklist>
        <values>
            <fullName>Other</fullName>
            <default>false</default>
        </values>
        <values>
            <fullName>Partner Referral</fullName>
            <default>false</default>
        </values>
        <values>
            <fullName>Phone Inquiry</fullName>
            <default>false</default>
        </values>
        <values>
            <fullName>Purchased List</fullName>
            <default>false</default>
        </values>
        <values>
            <fullName>Web</fullName>
            <default>false</default>
        </values>
    </picklistValues>
    <picklistValues>
        <picklist>Level__c</picklist>
        <values>
            <fullName>Primary</fullName>
            <default>false</default>
        </values>
        <values>
            <fullName>Secondary</fullName>
            <default>false</default>
        </values>
        <values>
            <fullName>Tertiary</fullName>
            <default>false</default>
        </values>
    </picklistValues>
    <picklistValues>
        <picklist>Name</picklist>
        <values>
            <fullName>Dr%2E</fullName>
            <default>false</default>
        </values>
        <values>
            <fullName>Mr%2E</fullName>
            <default>false</default>
        </values>
        <values>
            <fullName>Mrs%2E</fullName>
            <default>false</default>
        </values>
        <values>
            <fullName>Ms%2E</fullName>
            <default>false</default>
        </values>
        <values>
            <fullName>Prof%2E</fullName>
            <default>false</default>
        </values>
    </picklistValues>
</RecordType>
