<?xml version="1.0" encoding="UTF-8"?>
<ReportType xmlns="http://soap.sforce.com/2006/04/metadata">
    <baseObject>Order</baseObject>
    <category>other</category>
    <deployed>true</deployed>
    <description>Basic profits and losses report</description>
    <join>
        <outerJoin>false</outerJoin>
        <relationship>OrderItems</relationship>
    </join>
    <label>P&amp;L</label>
    <sections>
        <columns>
            <checkedByDefault>false</checkedByDefault>
            <field>Id</field>
            <table>Order</table>
        </columns>
        <columns>
            <checkedByDefault>false</checkedByDefault>
            <field>Contract</field>
            <table>Order</table>
        </columns>
        <columns>
            <checkedByDefault>false</checkedByDefault>
            <field>Account</field>
            <table>Order</table>
        </columns>
        <columns>
            <checkedByDefault>false</checkedByDefault>
            <field>Pricebook2</field>
            <table>Order</table>
        </columns>
        <columns>
            <checkedByDefault>false</checkedByDefault>
            <field>OriginalOrder</field>
            <table>Order</table>
        </columns>
        <columns>
            <checkedByDefault>false</checkedByDefault>
            <field>Opportunity</field>
            <table>Order</table>
        </columns>
        <columns>
            <checkedByDefault>false</checkedByDefault>
            <field>RecordType</field>
            <table>Order</table>
        </columns>
        <columns>
            <checkedByDefault>false</checkedByDefault>
            <field>EffectiveDate</field>
            <table>Order</table>
        </columns>
        <columns>
            <checkedByDefault>false</checkedByDefault>
            <field>EndDate</field>
            <table>Order</table>
        </columns>
        <columns>
            <checkedByDefault>false</checkedByDefault>
            <field>IsReductionOrder</field>
            <table>Order</table>
        </columns>
        <columns>
            <checkedByDefault>false</checkedByDefault>
            <field>Status</field>
            <table>Order</table>
        </columns>
        <columns>
            <checkedByDefault>false</checkedByDefault>
            <field>Description</field>
            <table>Order</table>
        </columns>
        <columns>
            <checkedByDefault>false</checkedByDefault>
            <field>CustomerAuthorizedBy</field>
            <table>Order</table>
        </columns>
        <columns>
            <checkedByDefault>false</checkedByDefault>
            <field>CustomerAuthorizedDate</field>
            <table>Order</table>
        </columns>
        <columns>
            <checkedByDefault>false</checkedByDefault>
            <field>CompanyAuthorizedBy</field>
            <table>Order</table>
        </columns>
        <columns>
            <checkedByDefault>false</checkedByDefault>
            <field>CompanyAuthorizedDate</field>
            <table>Order</table>
        </columns>
        <columns>
            <checkedByDefault>false</checkedByDefault>
            <field>Type</field>
            <table>Order</table>
        </columns>
        <columns>
            <checkedByDefault>false</checkedByDefault>
            <field>BillingAddress</field>
            <table>Order</table>
        </columns>
        <columns>
            <checkedByDefault>false</checkedByDefault>
            <field>BillingStreet</field>
            <table>Order</table>
        </columns>
        <columns>
            <checkedByDefault>false</checkedByDefault>
            <field>BillingCity</field>
            <table>Order</table>
        </columns>
        <columns>
            <checkedByDefault>false</checkedByDefault>
            <field>BillingState</field>
            <table>Order</table>
        </columns>
        <columns>
            <checkedByDefault>false</checkedByDefault>
            <field>BillingPostalCode</field>
            <table>Order</table>
        </columns>
        <columns>
            <checkedByDefault>false</checkedByDefault>
            <field>BillingCountry</field>
            <table>Order</table>
        </columns>
        <columns>
            <checkedByDefault>false</checkedByDefault>
            <field>BillingLatitude</field>
            <table>Order</table>
        </columns>
        <columns>
            <checkedByDefault>false</checkedByDefault>
            <field>BillingLongitude</field>
            <table>Order</table>
        </columns>
        <columns>
            <checkedByDefault>false</checkedByDefault>
            <field>BillingGeocodeAccuracy</field>
            <table>Order</table>
        </columns>
        <columns>
            <checkedByDefault>false</checkedByDefault>
            <field>ShippingAddress</field>
            <table>Order</table>
        </columns>
        <columns>
            <checkedByDefault>false</checkedByDefault>
            <field>ShippingStreet</field>
            <table>Order</table>
        </columns>
        <columns>
            <checkedByDefault>false</checkedByDefault>
            <field>ShippingCity</field>
            <table>Order</table>
        </columns>
        <columns>
            <checkedByDefault>false</checkedByDefault>
            <field>ShippingState</field>
            <table>Order</table>
        </columns>
        <columns>
            <checkedByDefault>false</checkedByDefault>
            <field>ShippingPostalCode</field>
            <table>Order</table>
        </columns>
        <columns>
            <checkedByDefault>false</checkedByDefault>
            <field>ShippingCountry</field>
            <table>Order</table>
        </columns>
        <columns>
            <checkedByDefault>false</checkedByDefault>
            <field>ShippingLatitude</field>
            <table>Order</table>
        </columns>
        <columns>
            <checkedByDefault>false</checkedByDefault>
            <field>ShippingLongitude</field>
            <table>Order</table>
        </columns>
        <columns>
            <checkedByDefault>false</checkedByDefault>
            <field>ShippingGeocodeAccuracy</field>
            <table>Order</table>
        </columns>
        <columns>
            <checkedByDefault>false</checkedByDefault>
            <field>Name</field>
            <table>Order</table>
        </columns>
        <columns>
            <checkedByDefault>false</checkedByDefault>
            <field>PoDate</field>
            <table>Order</table>
        </columns>
        <columns>
            <checkedByDefault>false</checkedByDefault>
            <field>PoNumber</field>
            <table>Order</table>
        </columns>
        <columns>
            <checkedByDefault>false</checkedByDefault>
            <field>OrderReferenceNumber</field>
            <table>Order</table>
        </columns>
        <columns>
            <checkedByDefault>false</checkedByDefault>
            <field>BillToContact</field>
            <table>Order</table>
        </columns>
        <columns>
            <checkedByDefault>false</checkedByDefault>
            <field>ShipToContact</field>
            <table>Order</table>
        </columns>
        <columns>
            <checkedByDefault>false</checkedByDefault>
            <field>ActivatedDate</field>
            <table>Order</table>
        </columns>
        <columns>
            <checkedByDefault>false</checkedByDefault>
            <field>ActivatedBy</field>
            <table>Order</table>
        </columns>
        <columns>
            <checkedByDefault>false</checkedByDefault>
            <field>StatusCode</field>
            <table>Order</table>
        </columns>
        <columns>
            <checkedByDefault>true</checkedByDefault>
            <field>OrderNumber</field>
            <table>Order</table>
        </columns>
        <columns>
            <checkedByDefault>false</checkedByDefault>
            <field>TotalAmount</field>
            <table>Order</table>
        </columns>
        <columns>
            <checkedByDefault>false</checkedByDefault>
            <field>CreatedDate</field>
            <table>Order</table>
        </columns>
        <columns>
            <checkedByDefault>false</checkedByDefault>
            <field>CreatedBy</field>
            <table>Order</table>
        </columns>
        <columns>
            <checkedByDefault>false</checkedByDefault>
            <field>LastModifiedDate</field>
            <table>Order</table>
        </columns>
        <columns>
            <checkedByDefault>false</checkedByDefault>
            <field>LastModifiedBy</field>
            <table>Order</table>
        </columns>
        <columns>
            <checkedByDefault>false</checkedByDefault>
            <field>Product__c</field>
            <table>Order</table>
        </columns>
        <columns>
            <checkedByDefault>false</checkedByDefault>
            <field>Contact__c</field>
            <table>Order</table>
        </columns>
        <columns>
            <checkedByDefault>false</checkedByDefault>
            <field>Order_Date_Time__c</field>
            <table>Order</table>
        </columns>
        <columns>
            <checkedByDefault>false</checkedByDefault>
            <field>Customer_Account__c</field>
            <table>Order</table>
        </columns>
        <columns>
            <checkedByDefault>false</checkedByDefault>
            <field>Shipment__c</field>
            <table>Order</table>
        </columns>
        <columns>
            <checkedByDefault>false</checkedByDefault>
            <field>Restaurant__c</field>
            <table>Order</table>
        </columns>
        <masterLabel>Orders</masterLabel>
    </sections>
    <sections>
        <columns>
            <checkedByDefault>false</checkedByDefault>
            <field>Id</field>
            <table>Order.OrderItems</table>
        </columns>
        <columns>
            <checkedByDefault>false</checkedByDefault>
            <field>Product2</field>
            <table>Order.OrderItems</table>
        </columns>
        <columns>
            <checkedByDefault>false</checkedByDefault>
            <field>PricebookEntry</field>
            <table>Order.OrderItems</table>
        </columns>
        <columns>
            <checkedByDefault>false</checkedByDefault>
            <field>OriginalOrderItem</field>
            <table>Order.OrderItems</table>
        </columns>
        <columns>
            <checkedByDefault>false</checkedByDefault>
            <field>AvailableQuantity</field>
            <table>Order.OrderItems</table>
        </columns>
        <columns>
            <checkedByDefault>false</checkedByDefault>
            <field>Quantity</field>
            <table>Order.OrderItems</table>
        </columns>
        <columns>
            <checkedByDefault>false</checkedByDefault>
            <field>UnitPrice</field>
            <table>Order.OrderItems</table>
        </columns>
        <columns>
            <checkedByDefault>false</checkedByDefault>
            <field>ListPrice</field>
            <table>Order.OrderItems</table>
        </columns>
        <columns>
            <checkedByDefault>false</checkedByDefault>
            <field>TotalPrice</field>
            <table>Order.OrderItems</table>
        </columns>
        <columns>
            <checkedByDefault>false</checkedByDefault>
            <field>ServiceDate</field>
            <table>Order.OrderItems</table>
        </columns>
        <columns>
            <checkedByDefault>false</checkedByDefault>
            <field>EndDate</field>
            <table>Order.OrderItems</table>
        </columns>
        <columns>
            <checkedByDefault>false</checkedByDefault>
            <field>Description</field>
            <table>Order.OrderItems</table>
        </columns>
        <columns>
            <checkedByDefault>false</checkedByDefault>
            <field>CreatedDate</field>
            <table>Order.OrderItems</table>
        </columns>
        <columns>
            <checkedByDefault>false</checkedByDefault>
            <field>CreatedBy</field>
            <table>Order.OrderItems</table>
        </columns>
        <columns>
            <checkedByDefault>false</checkedByDefault>
            <field>LastModifiedDate</field>
            <table>Order.OrderItems</table>
        </columns>
        <columns>
            <checkedByDefault>false</checkedByDefault>
            <field>LastModifiedBy</field>
            <table>Order.OrderItems</table>
        </columns>
        <columns>
            <checkedByDefault>true</checkedByDefault>
            <field>OrderItemNumber</field>
            <table>Order.OrderItems</table>
        </columns>
        <masterLabel>Order Products</masterLabel>
    </sections>
</ReportType>
