<?xml version="1.0" encoding="UTF-8"?>
<CustomField xmlns="http://soap.sforce.com/2006/04/metadata">
    <fullName>Product_Category__c</fullName>
    <externalId>false</externalId>
    <label>Product Category</label>
    <required>false</required>
    <trackHistory>false</trackHistory>
    <type>Picklist</type>
    <valueSet>
        <restricted>true</restricted>
        <valueSetDefinition>
            <sorted>false</sorted>
            <value>
                <fullName>Desserts</fullName>
                <default>true</default>
                <label>Desserts</label>
            </value>
            <value>
                <fullName>Drink</fullName>
                <default>false</default>
                <label>Drink</label>
            </value>
            <value>
                <fullName>Sandwiches</fullName>
                <default>false</default>
                <label>Sandwiches</label>
            </value>
            <value>
                <fullName>Sides</fullName>
                <default>false</default>
                <label>Sides</label>
            </value>
        </valueSetDefinition>
    </valueSet>
</CustomField>
