<?xml version="1.0" encoding="UTF-8"?>
<CustomField xmlns="http://soap.sforce.com/2006/04/metadata">
    <fullName>Supply_Item__c</fullName>
    <externalId>false</externalId>
    <label>Supply Item</label>
    <required>false</required>
    <trackHistory>false</trackHistory>
    <type>Picklist</type>
    <valueSet>
        <restricted>true</restricted>
        <valueSetDefinition>
            <sorted>false</sorted>
            <value>
                <fullName>Beef</fullName>
                <default>false</default>
                <label>Beef</label>
            </value>
            <value>
                <fullName>Fish</fullName>
                <default>false</default>
                <label>Fish</label>
            </value>
            <value>
                <fullName>Potato</fullName>
                <default>false</default>
                <label>Potato</label>
            </value>
            <value>
                <fullName>Apple</fullName>
                <default>false</default>
                <label>Apple</label>
            </value>
            <value>
                <fullName>Lettuce</fullName>
                <default>false</default>
                <label>Lettuce</label>
            </value>
            <value>
                <fullName>Coffee Beans</fullName>
                <default>false</default>
                <label>Coffee Beans</label>
            </value>
            <value>
                <fullName>Dairy</fullName>
                <default>false</default>
                <label>Dairy</label>
            </value>
        </valueSetDefinition>
    </valueSet>
</CustomField>
