<?xml version="1.0" encoding="UTF-8"?>
<GlobalValueSet xmlns="http://soap.sforce.com/2006/04/metadata">
    <customValue>
        <fullName>Apple</fullName>
        <default>false</default>
        <label>Apple</label>
    </customValue>
    <customValue>
        <fullName>Beef</fullName>
        <default>false</default>
        <label>Beef</label>
    </customValue>
    <customValue>
        <fullName>Fish</fullName>
        <default>false</default>
        <label>Fish</label>
    </customValue>
    <customValue>
        <fullName>Potato</fullName>
        <default>false</default>
        <label>Potato</label>
    </customValue>
    <customValue>
        <fullName>Lettuce</fullName>
        <default>false</default>
        <label>Lettuce</label>
    </customValue>
    <customValue>
        <fullName>Tomato</fullName>
        <default>false</default>
        <label>Tomato</label>
    </customValue>
    <customValue>
        <fullName>Dairy</fullName>
        <default>false</default>
        <label>Dairy</label>
    </customValue>
    <customValue>
        <fullName>Coffee Beans</fullName>
        <default>false</default>
        <label>Coffee Beans</label>
    </customValue>
    <masterLabel>Supplies</masterLabel>
    <sorted>false</sorted>
</GlobalValueSet>
