<?xml version="1.0" encoding="UTF-8"?>
<ApprovalProcess xmlns="http://soap.sforce.com/2006/04/metadata">
    <active>false</active>
    <allowRecall>false</allowRecall>
    <allowedSubmitters>
        <type>creator</type>
    </allowedSubmitters>
    <allowedSubmitters>
        <submitter>Cashier</submitter>
        <type>role</type>
    </allowedSubmitters>
    <approvalPageFields>
        <field>Name</field>
        <field>Owner</field>
        <field>Contact__c</field>
        <field>Email__c</field>
        <field>RewardPoints__c</field>
    </approvalPageFields>
    <emailTemplate>unfiled$public/Account_has_been_updated</emailTemplate>
    <enableMobileDeviceAccess>false</enableMobileDeviceAccess>
    <entryCriteria>
        <criteriaItems>
            <field>User.UserRole</field>
            <operation>equals</operation>
            <value>Cashier</value>
        </criteriaItems>
    </entryCriteria>
    <finalApprovalRecordLock>true</finalApprovalRecordLock>
    <finalRejectionRecordLock>false</finalRejectionRecordLock>
    <label>Account has been updated</label>
    <nextAutomatedApprover>
        <useApproverFieldOfRecordOwner>false</useApproverFieldOfRecordOwner>
        <userHierarchyField>franchise_acquirement_hierarchy__c</userHierarchyField>
    </nextAutomatedApprover>
    <processOrder>1</processOrder>
    <recordEditability>AdminOnly</recordEditability>
    <showApprovalHistory>false</showApprovalHistory>
</ApprovalProcess>
