<?xml version="1.0" encoding="UTF-8"?>
<ApprovalProcess xmlns="http://soap.sforce.com/2006/04/metadata">
    <active>false</active>
    <allowRecall>true</allowRecall>
    <allowedSubmitters>
        <type>owner</type>
    </allowedSubmitters>
    <allowedSubmitters>
        <submitter>Manager</submitter>
        <type>role</type>
    </allowedSubmitters>
    <approvalPageFields>
        <field>Name</field>
        <field>Owner</field>
        <field>Restaurant_State__c</field>
        <field>Restaurant_City__c</field>
        <field>Restaurant_Address__c</field>
    </approvalPageFields>
    <emailTemplate>unfiled$public/New_Restaurant_Request</emailTemplate>
    <enableMobileDeviceAccess>false</enableMobileDeviceAccess>
    <entryCriteria>
        <booleanFilter>1 OR 2 OR 3</booleanFilter>
        <criteriaItems>
            <field>User.Profile</field>
            <operation>equals</operation>
            <value>Manager</value>
        </criteriaItems>
        <criteriaItems>
            <field>User.Profile</field>
            <operation>equals</operation>
            <value>Franchising Manager</value>
        </criteriaItems>
        <criteriaItems>
            <field>User.Profile</field>
            <operation>equals</operation>
            <value>CEO</value>
        </criteriaItems>
    </entryCriteria>
    <finalApprovalRecordLock>true</finalApprovalRecordLock>
    <finalRejectionRecordLock>false</finalRejectionRecordLock>
    <label>New Restaurant Request</label>
    <processOrder>1</processOrder>
    <recordEditability>AdminOnly</recordEditability>
    <showApprovalHistory>true</showApprovalHistory>
</ApprovalProcess>
