<?xml version="1.0" encoding="UTF-8"?>
<CustomField xmlns="http://soap.sforce.com/2006/04/metadata">
    <fullName>Customer_Account__c</fullName>
    <deleteConstraint>Restrict</deleteConstraint>
    <externalId>false</externalId>
    <label>Customer Account</label>
    <lookupFilter>
        <active>false</active>
        <filterItems>
            <field>Account.RecordTypeId</field>
            <operation>equals</operation>
            <value>Customer Account</value>
        </filterItems>
        <filterItems>
            <field>$Source.RecordTypeId</field>
            <operation>equals</operation>
            <value>Customer Order</value>
        </filterItems>
        <isOptional>false</isOptional>
    </lookupFilter>
    <referenceTo>Account</referenceTo>
    <relationshipLabel>Orders</relationshipLabel>
    <relationshipName>Orders</relationshipName>
    <required>false</required>
    <trackHistory>false</trackHistory>
    <type>Lookup</type>
</CustomField>
