<?xml version="1.0" encoding="UTF-8"?>
<CustomField xmlns="http://soap.sforce.com/2006/04/metadata">
    <fullName>Restaurant__c</fullName>
    <deleteConstraint>SetNull</deleteConstraint>
    <externalId>false</externalId>
    <label>Restaurant</label>
    <referenceTo>Restaurant__c</referenceTo>
    <relationshipLabel>Orders</relationshipLabel>
    <relationshipName>Orders</relationshipName>
    <required>false</required>
    <trackHistory>false</trackHistory>
    <type>Lookup</type>
</CustomField>
