<?xml version="1.0" encoding="UTF-8"?>
<CustomField xmlns="http://soap.sforce.com/2006/04/metadata">
    <fullName>Contact__c</fullName>
    <deleteConstraint>SetNull</deleteConstraint>
    <externalId>false</externalId>
    <label>Contact</label>
    <lookupFilter>
        <active>true</active>
        <booleanFilter>(1 AND 2) OR (3 AND 4)</booleanFilter>
        <filterItems>
            <field>$Source.RecordTypeId</field>
            <operation>equals</operation>
            <value>Supplier Account</value>
        </filterItems>
        <filterItems>
            <field>Contact.RecordTypeId</field>
            <operation>equals</operation>
            <value>Supply Contact</value>
        </filterItems>
        <filterItems>
            <field>$Source.RecordTypeId</field>
            <operation>equals</operation>
            <value>Customer Account</value>
        </filterItems>
        <filterItems>
            <field>Contact.RecordTypeId</field>
            <operation>equals</operation>
            <value>Customer Contact</value>
        </filterItems>
        <isOptional>false</isOptional>
    </lookupFilter>
    <referenceTo>Contact</referenceTo>
    <relationshipLabel>Accounts</relationshipLabel>
    <relationshipName>Accounts</relationshipName>
    <required>false</required>
    <trackFeedHistory>false</trackFeedHistory>
    <type>Lookup</type>
</CustomField>
