<?xml version="1.0" encoding="UTF-8"?>
<ListView xmlns="http://soap.sforce.com/2006/04/metadata">
    <fullName>SupplyItems</fullName>
    <columns>PRODUCT2.NAME</columns>
    <columns>ProductCost__c</columns>
    <filterScope>Everything</filterScope>
    <filters>
        <field>PRODUCT2.RECORD_TYPE</field>
        <operation>equals</operation>
        <value>Product2.Supply_Items</value>
    </filters>
    <label>Supply Items</label>
    <sharedTo>
        <group>List_Views</group>
    </sharedTo>
</ListView>
