<?xml version="1.0" encoding="UTF-8"?>
<Flow xmlns="http://soap.sforce.com/2006/04/metadata">
    <actionCalls>
        <name>Approve_changes</name>
        <label>Approve changes</label>
        <locationX>590</locationX>
        <locationY>116</locationY>
        <actionName>submit</actionName>
        <actionType>submit</actionType>
        <flowTransactionModel>CurrentTransaction</flowTransactionModel>
        <inputParameters>
            <name>processDefinitionNameOrId</name>
            <value>
                <stringValue>Account_has_been_updated</stringValue>
            </value>
        </inputParameters>
        <inputParameters>
            <name>objectId</name>
            <value>
                <elementReference>$Record.Id</elementReference>
            </value>
        </inputParameters>
        <inputParameters>
            <name>comment</name>
            <value>
                <stringValue>Auto Submitted Through Flow</stringValue>
            </value>
        </inputParameters>
        <storeOutputAutomatically>true</storeOutputAutomatically>
    </actionCalls>
    <apiVersion>52.0</apiVersion>
    <interviewLabel>Approve account changes {!$Flow.CurrentDateTime}</interviewLabel>
    <label>Approve account changes</label>
    <processMetadataValues>
        <name>BuilderType</name>
        <value>
            <stringValue>LightningFlowBuilder</stringValue>
        </value>
    </processMetadataValues>
    <processMetadataValues>
        <name>CanvasMode</name>
        <value>
            <stringValue>FREE_FORM_CANVAS</stringValue>
        </value>
    </processMetadataValues>
    <processMetadataValues>
        <name>OriginBuilderType</name>
        <value>
            <stringValue>LightningFlowBuilder</stringValue>
        </value>
    </processMetadataValues>
    <processType>AutoLaunchedFlow</processType>
    <start>
        <locationX>50</locationX>
        <locationY>50</locationY>
        <connector>
            <targetReference>Approve_changes</targetReference>
        </connector>
        <object>Account</object>
        <recordTriggerType>Update</recordTriggerType>
        <triggerType>RecordAfterSave</triggerType>
    </start>
    <status>Obsolete</status>
</Flow>
