<?xml version="1.0" encoding="UTF-8"?>
<CustomObject xmlns="http://soap.sforce.com/2006/04/metadata">
    <actionOverrides>
        <actionName>AddPricebookEntryOnPricebook</actionName>
        <type>Default</type>
    </actionOverrides>
    <actionOverrides>
        <actionName>AddPricebookEntryOnPricebook</actionName>
        <formFactor>Large</formFactor>
        <type>Default</type>
    </actionOverrides>
    <actionOverrides>
        <actionName>AddPricebookEntryOnPricebook</actionName>
        <formFactor>Small</formFactor>
        <type>Default</type>
    </actionOverrides>
    <actionOverrides>
        <actionName>AddPricebookEntryOnProduct</actionName>
        <type>Default</type>
    </actionOverrides>
    <actionOverrides>
        <actionName>AddPricebookEntryOnProduct</actionName>
        <formFactor>Large</formFactor>
        <type>Default</type>
    </actionOverrides>
    <actionOverrides>
        <actionName>AddPricebookEntryOnProduct</actionName>
        <formFactor>Small</formFactor>
        <type>Default</type>
    </actionOverrides>
    <actionOverrides>
        <actionName>AddStandardPrice</actionName>
        <type>Default</type>
    </actionOverrides>
    <actionOverrides>
        <actionName>AddStandardPrice</actionName>
        <formFactor>Large</formFactor>
        <type>Default</type>
    </actionOverrides>
    <actionOverrides>
        <actionName>AddStandardPrice</actionName>
        <formFactor>Small</formFactor>
        <type>Default</type>
    </actionOverrides>
    <actionOverrides>
        <actionName>CancelEdit</actionName>
        <type>Default</type>
    </actionOverrides>
    <actionOverrides>
        <actionName>CancelEdit</actionName>
        <formFactor>Large</formFactor>
        <type>Default</type>
    </actionOverrides>
    <actionOverrides>
        <actionName>CancelEdit</actionName>
        <formFactor>Small</formFactor>
        <type>Default</type>
    </actionOverrides>
    <actionOverrides>
        <actionName>Delete</actionName>
        <type>Default</type>
    </actionOverrides>
    <actionOverrides>
        <actionName>Delete</actionName>
        <formFactor>Large</formFactor>
        <type>Default</type>
    </actionOverrides>
    <actionOverrides>
        <actionName>Delete</actionName>
        <formFactor>Small</formFactor>
        <type>Default</type>
    </actionOverrides>
    <actionOverrides>
        <actionName>Edit</actionName>
        <type>Default</type>
    </actionOverrides>
    <actionOverrides>
        <actionName>Edit</actionName>
        <formFactor>Large</formFactor>
        <type>Default</type>
    </actionOverrides>
    <actionOverrides>
        <actionName>Edit</actionName>
        <formFactor>Small</formFactor>
        <type>Default</type>
    </actionOverrides>
    <actionOverrides>
        <actionName>SaveEdit</actionName>
        <type>Default</type>
    </actionOverrides>
    <actionOverrides>
        <actionName>SaveEdit</actionName>
        <formFactor>Large</formFactor>
        <type>Default</type>
    </actionOverrides>
    <actionOverrides>
        <actionName>SaveEdit</actionName>
        <formFactor>Small</formFactor>
        <type>Default</type>
    </actionOverrides>
    <compactLayoutAssignment>SYSTEM</compactLayoutAssignment>
    <enableFeeds>false</enableFeeds>
    <searchLayouts>
        <searchResultsAdditionalFields>PRODUCT.NAME</searchResultsAdditionalFields>
        <searchResultsAdditionalFields>PRODUCT.CUSTOMER_PRODUCT_ID</searchResultsAdditionalFields>
        <searchResultsAdditionalFields>PRODUCT.DEFAULT_PRICE</searchResultsAdditionalFields>
        <searchResultsAdditionalFields>PRODUCT2.DESCRIPTION</searchResultsAdditionalFields>
        <searchResultsAdditionalFields>PRODUCT2.FAMILY_ENUM</searchResultsAdditionalFields>
    </searchLayouts>
</CustomObject>
