<?xml version="1.0" encoding="UTF-8"?>
<CustomField xmlns="http://soap.sforce.com/2006/04/metadata">
    <fullName>Order__c</fullName>
    <deleteConstraint>SetNull</deleteConstraint>
    <externalId>false</externalId>
    <label>Order</label>
    <referenceTo>Account</referenceTo>
    <relationshipLabel>Contacts (Order)</relationshipLabel>
    <relationshipName>Contacts1</relationshipName>
    <required>false</required>
    <trackFeedHistory>false</trackFeedHistory>
    <type>Lookup</type>
</CustomField>
