<?xml version="1.0" encoding="UTF-8"?>
<ListView xmlns="http://soap.sforce.com/2006/04/metadata">
    <fullName>Customer_Accounts</fullName>
    <columns>ACCOUNT.NAME</columns>
    <columns>ACCOUNT.CREATED_DATE</columns>
    <filterScope>Mine</filterScope>
    <filters>
        <field>ACCOUNT.RECORDTYPE</field>
        <operation>equals</operation>
        <value>Account.Customer_Account</value>
    </filters>
    <label>Customer Accounts</label>
    <sharedTo>
        <group>List_Views</group>
    </sharedTo>
</ListView>
